Player;Team;Wins;Losses;KDA;Kill;Death;Assists;LH;DN;GPM;XPM;Position;Inv_Status;Region;Frankfurt_Result;Changed_Teams
OG.N0tail;OG Dota2;28;10;4.77;7.18;3.47;9.37;227.97;11.34;536;532;1;1;EU;1;1
OG.Miracle-;OG Dota2;28;10;4.21;7.89;3.84;8.26;288.24;12.42;610;578;2;1;EU;1;1
OG.Moon;OG Dota2;28;10;3.66;4.92;4.37;11.08;130.16;2.66;390;399;3;1;AM;1;1
OG.Cr1t;OG Dota2;28;10;3.45;2.97;4.24;11.63;55.13;2.21;286;316;4;1;EU;1;1
OG.Fly;OG Dota2;28;10;3.29;2.53;3.89;10.29;50;3.47;273;286;5;1;EU;1;1
VEG.Black^;Fnatic;14;7;5.28;6.71;2.52;6.62;314.57;10.48;629;531;1;1;EU;14;1
Fnatic.MuShi-;Fnatic;14;7;3;5.48;4;6.52;210.57;13.62;484;483;2;1;SEA;14;0
Fnatic.Dj;Fnatic;14;7;2.82;3.95;4.05;7.48;143.14;3.81;390;433;3;1;SEA;14;1
Fnatic.Net;Fnatic;14;7;2.31;1.71;4.19;7.95;69.76;2.38;293;280;4;1;SEA;14;1
Fnatic.Ohaiyo`;Fnatic;14;7;2.23;2.86;5.38;9.14;103.1;3.33;345;366;5;1;SEA;14;0
Mski.ryOyr;Mineski.Sports5;18;10;4.01;3.75;3.46;10.14;142;7.07;402;446;1;1;SEA;10;1
Mski.raging-_-potato;Mineski.Sports5;18;10;3.68;8.46;4.39;7.71;237.75;11.64;550;558;2;1;SEA;10;0
TNC.Kuku;Mineski.Sports5;18;10;3.36;7.5;4.5;7.61;206.71;10.79;541;515;3;1;SEA;10;0
Mski.JessieVash;Mineski.Sports5;18;10;3.28;2.61;3.86;10.04;37.18;1.21;279;270;4;1;SEA;10;0
Mski.Julz*;Mineski.Sports5;18;10;2.27;2.14;4.5;8.07;52.29;2.68;276;298;5;1;SEA;10;0
Secret.EternaLEnVy;Team Secret;11;6;5.27;7.94;3.24;9.12;349.12;10.24;569;536;1;2;AM;2;1
DC.w33;Team Secret;11;6;3.79;8.59;4.59;8.82;235.76;13.47;509;509;2;2;EU;2;1
DC.MISERY;Team Secret;11;6;2.43;2.71;5.71;11.18;107.35;5.29;329;357;3;2;EU;2;1
Secret.Puppey;Team Secret;11;6;2.3;2.47;4.82;8.65;83;6.41;292;294;4;2;EU;2;0
Secret.pieliedie;Team Secret;11;6;2.19;2.41;5.59;9.82;56.71;3.24;284;279;5;2;EU;2;1
Newbee.Hao;Newbee;13;7;4.4;7.75;3.65;8.3;359.8;26.2;613;579;1;1;CN;15;1
Newbee.Mu;Newbee;13;7;4.05;8.1;4.2;8.9;248.45;16.5;512;524;2;1;CN;15;0
Newbee.Y.2Lei;Newbee;13;7;4.03;4.1;3.85;11.4;111.85;1.8;349;396;3;1;CN;15;1
Newbee.Chisbug;Newbee;13;7;3.4;3;3.9;10.25;58;3.45;280;293;4;1;CN;15;1
Newbee.Banana;Newbee;13;7;3.09;2.45;4.05;10.05;40.4;0.9;256;263;5;1;CN;15;0
ritsu;Cloud9 G2A;12;10;4.67;6.41;2.77;6.55;403.32;9.64;602;587;1;1;AM;13;1
BRAX;Cloud9 G2A;12;10;3.63;5.64;3.59;7.41;257.45;12.68;479;500;2;1;AM;13;1
MSS;Cloud9 G2A;12;10;3.19;3.14;3.86;9.18;126.55;3.68;342;335;3;1;AM;13;1
Shazam.SVG;Cloud9 G2A;12;10;2.53;2.68;4.14;7.77;80.82;1.86;285;288;4;1;AM;13;1
Secret.1437;Cloud9 G2A;12;10;2.04;2.14;4.73;7.5;64.82;4.18;273;297;5;1;AM;13;1
coL.Limmp;-Ninjas-in-Pyjamas-;9;5;5.89;9.36;3.14;9.14;223.07;9.64;569;564;1;1;EU;0;0
ESC.Era;-Ninjas-in-Pyjamas-;9;5;5.41;6.21;2.64;8.07;232.71;12.86;621;534;2;1;EU;0;0
jonassomfan;-Ninjas-in-Pyjamas-;9;5;4.94;5;3.57;12.64;152.57;2.86;432;436;3;1;EU;0;0
coL.Handsken;-Ninjas-in-Pyjamas-;9;5;4.55;3.57;3.79;13.64;46.14;0.93;306;317;4;1;EU;0;0
STEAK.Sealkid;-Ninjas-in-Pyjamas-;9;5;3.84;2.64;3.14;9.43;35.86;1.21;277;280;5;1;EU;0;0
Newbee.Y.Sccc;Newbee.Young;11;12;4.79;8.35;3.52;8.52;279.87;17.57;534;535;1;1;CN;16;0
woyaoying;Newbee.Young;11;12;3.53;6;3.7;7.04;313.52;18.74;534;522;2;1;CN;16;1
Newbee.Y.Mrrr;Newbee.Young;11;12;2.56;2;4.57;9.7;61.65;1.83;262;292;3;1;CN;16;0
-_-!;Newbee.Young;11;12;2.53;3.17;5.39;10.48;134.09;2.26;336;341;4;1;CN;16;1
Newbee.Y.Le;Newbee.Young;11;12;2.35;2.61;5.17;9.57;56.17;2.09;266;306;5;1;CN;16;1
VG.CTY;EHOME;10;7;5.19;7.82;3.06;8.06;290.12;16.53;573;584;1;2;CN;4;0
EHOME.old chicken;EHOME;10;7;3.27;6.59;4.82;9.18;208.12;10.76;483;471;2;2;CN;4;1
EHOME.LaNm;EHOME;10;7;3.26;2.82;3.41;8.29;49.76;3.41;271;297;3;2;CN;4;0
Newbee.kaka;EHOME;10;7;2.99;2.76;4.06;9.35;62.41;1.59;309;301;4;2;CN;4;1
EHOME.old eleven;EHOME;10;7;2.34;2.94;6.24;11.65;92.94;5.76;323;334;5;2;CN;4;1
iG.Ferrari_430;Invictus Gaming;9;6;5.28;6.93;3.13;9.6;287.07;15.87;555;564;1;1;CN;0;0
CDEC.Rabbit;Invictus Gaming;9;6;3.95;7.13;4.07;8.93;303.87;17.53;557;506;2;1;CN;0;1
Newbee.ChuaN;Invictus Gaming;9;6;3.32;3.07;4;10.2;69.87;1.87;281;307;3;1;CN;0;0
CDEC.A.Xi;Invictus Gaming;9;6;3.04;4.07;5.13;11.53;110.4;5;354;388;4;1;CN;0;0
iG.V.super;Invictus Gaming;9;6;2.43;2.87;4.67;8.47;49.6;2.33;252;278;5;1;CN;0;1
EG.Suma1L;Evil Geniuses;10;7;4.14;8.29;4.59;10.71;292.71;11.47;524;525;1;2;AM;3;0
EG.Fear;Evil Geniuses;10;7;4.13;3.88;3.59;10.94;58;3.24;284;332;2;2;AM;3;0
Secret.Arteezy;Evil Geniuses;10;7;3.99;7.47;4.35;9.88;346.29;10.82;599;587;3;2;AM;3;1
EG.Universe;Evil Geniuses;10;7;3.97;4.88;3.76;10.06;149.59;4.29;376;405;4;2;AM;3;0
EG.ppd;Evil Geniuses;10;7;2.52;1.53;4.65;10.18;48.12;1.29;251;267;5;2;AM;3;0
Alliance.Lod[A].HyperX;Alliance;11;11;3.67;5.18;3.73;8.5;283.95;14.55;515;482;1;1;EU;9;0
Alliance.s4;Alliance;11;11;3.12;6.18;4.68;8.41;214.55;10.73;446;477;2;1;EU;9;1
Alliance.AdmiralBulldog;Alliance;11;11;3;3.91;4.05;8.23;195.82;8;410;413;3;1;EU;9;0
Alliance.Akke;Alliance;11;11;2.27;2.23;4.91;8.91;38.23;2.68;236;239;4;1;EU;9;0
Mynuts;Alliance;11;11;1.86;3.36;6.18;8.14;77.86;2.55;294;302;5;1;EU;9;0
VP.G;Virtus.pro;9;6;4.43;8.2;3.73;8.33;253.93;12.53;521;517;1;2;EU;7;0
Polarity.Lil;Virtus.pro;9;6;3.39;5.33;4.73;10.73;57.8;2;295;311;2;2;EU;7;0
Polarity.DkPhobos;Virtus.pro;9;6;2.91;4.27;5;10.27;118.67;4.27;336;347;3;2;EU;7;0
TSpirit.Illidan Stormrage 46sf;Virtus.pro;9;6;2.9;5;5.33;10.47;173.13;14.73;429;414;4;2;EU;7;0
VP.Fng;Virtus.pro;9;6;2.23;2.53;6.33;11.6;39.6;2.2;249;266;5;2;EU;7;0
TC;Digital Chaos;8;6;4.67;4.43;2.57;7.57;243.36;10.36;476;438;1;1;AM;0;1
Secret.BuLba;Digital Chaos;8;6;4.63;3.14;2.5;8.43;127;5.71;344;325;2;1;AM;0;1
DC.YS;Digital Chaos;8;6;4.21;4.57;2.71;6.86;274.21;14.79;549;498;3;1;AM;0;1
Biryu;Digital Chaos;8;6;2.6;2.64;3.36;6.07;41.07;1.57;254;224;4;1;AM;0;1
EG.Aui_2000;Digital Chaos;8;6;2.58;2.57;3.71;7;64.36;1.71;277;249;5;1;AM;0;1
Liquid.MATUMBAMAN;Team Liquid;7;4;5.25;8.73;3.64;10.36;355.27;11;557;558;1;1;EU;0;1
Liquid.FATA-;Team Liquid;7;4;5.18;10.82;4;9.91;341.82;13;576;565;2;1;EU;0;1
Liquid.MinD_ContRoL;Team Liquid;7;4;3.47;4.09;5;13.27;118.82;4.73;326;347;3;1;EU;0;1
Liquid.KuroKy;Team Liquid;7;4;2.89;3.55;5.55;12.45;49.45;2.64;268;308;4;1;EU;0;1
Liquid.JerAx;Team Liquid;7;4;2.6;3.55;5.64;11.09;54.09;3.09;275;311;5;1;EU;0;1
caca;Elite Wolves PERU;9;6;4.02;3.27;2.8;8;31.67;2.93;251;238;1;1;AM;0;0
Cuy Golden :v;Elite Wolves PERU;9;6;4.02;5.73;3.07;6.6;222.13;19.6;526;496;2;1;AM;0;0
NoT.SmAsH;Elite Wolves PERU;9;6;3.62;5.47;3.47;7.07;170.53;13.47;456;455;3;1;AM;0;0
THIS GENTE;Elite Wolves PERU;9;6;2.51;2.2;3.8;7.33;38.07;3.2;253;241;4;1;AM;0;0
BanG;Elite Wolves PERU;9;6;2.3;2.07;4.4;8.07;98.2;4.93;335;330;5;1;AM;0;0
LGD.Agressif;CDEC Gaming;6;5;5.62;7.45;3.36;11.45;271.36;21.91;532;545;1;2;CN;5;0
CDEC.Q;CDEC Gaming;6;5;4.35;4.45;3.36;10.18;55;2.91;283;280;5;2;CN;5;0
CDEC.Y.Xz;CDEC Gaming;6;5;4.29;3.18;3.73;12.82;140.73;2.27;355;390;3;2;CN;5;0
CDEC.ShiKi;CDEC Gaming;6;5;3.91;7.27;4.27;9.45;192.73;15.09;462;463;2;2;CN;5;0
CDEC.garder;CDEC Gaming;6;5;3.38;2.55;4.36;12.18;39.36;0.82;280;295;4;2;CN;5;0
unknown. ?Atún??;UNKNOWN #####;9;13;3.29;4.91;3.32;6;258.41;16;543;489;1;0;AM;11;0
Infamous.Greedy.MØ;UNKNOWN #####;9;13;2.66;3.91;4.18;7.23;147.18;6.27;370;374;2;0;AM;11;0
unknown.Kotaro.sr4ever;UNKNOWN #####;9;13;2.45;6.05;4.73;5.55;219.82;13.91;476;464;3;0;AM;11;0
Razü kepzal;UNKNOWN #####;9;13;2.22;2.32;5;8.77;44.18;1.82;248;274;4;0;AM;11;0
Infamous.Accelgd;UNKNOWN #####;9;13;1.8;1.45;4.14;6;53.86;1.82;244;247;5;0;AM;11;0
SiG.LaKelz;Signature.Dota2;9;8;3.22;7.94;5.06;8.35;290.35;16.71;546;521;1;1;SEA;0;0
MyPro;Signature.Dota2;9;8;2.95;6.94;5.59;9.53;218.94;8.12;470;489;2;1;SEA;0;0
SiG.aabBAA;Signature.Dota2;9;8;2.59;4.47;6.24;11.71;129.06;7.24;353;371;3;1;SEA;0;0
Jabz;Signature.Dota2;9;8;2.36;3.47;6.53;11.94;42.12;1.06;266;305;4;1;SEA;0;0
Boombell;Signature.Dota2;9;8;2.32;2.41;5.29;9.88;48.47;2.35;261;273;5;1;SEA;0;0
Ben;Team SatuDuaTiga;7;8;4.07;8.47;4.07;8.07;264.33;12.4;497;503;1;1;SEA;0;0
Taring.YamateH;Team SatuDuaTiga;7;8;3.84;7.2;4.27;9.2;350.53;12.33;603;588;2;1;SEA;0;0
Ice;Team SatuDuaTiga;7;8;2.54;3.93;5.6;10.27;154.4;7.2;360;381;3;1;SEA;0;0
Fnatic.343;Team SatuDuaTiga;7;8;2.34;3.2;5.8;10.4;85.53;3.53;302;333;4;1;SEA;0;0
Myrcella.;Team SatuDuaTiga;7;8;2.28;1.8;4.93;9.47;28.8;1.2;223;248;5;1;SEA;0;0
LGD.Maybe;LGD-GAMING;7;7;3.94;7.21;3.79;7.71;302.93;11.29;552;571;1;2;CN;8;0
VG.Sylar;LGD-GAMING;7;7;3.55;6.79;3.93;7.14;293.36;21.14;523;516;2;2;CN;8;0
LGD.MMY!;LGD-GAMING;7;7;2.65;3.64;4.71;8.86;41.93;1.64;254;254;3;2;CN;8;0
VG.rOtk;LGD-GAMING;7;7;2.49;2.14;5;10.29;131.36;3.5;328;344;4;2;CN;8;1
VG.R.ddc;LGD-GAMING;7;7;2.24;1.43;4.43;8.5;64.14;4.29;261;278;5;2;CN;8;1
VG.BurNIng;Vici Gaming;7;6;3.73;6.15;3.92;8.46;218.69;12.69;459;455;1;2;CN;6;1
CDEC.Super;Vici Gaming;7;6;3.56;7.62;4.77;9.38;270;6.62;581;516;2;2;CN;6;0
EHOME.iceiceice;Vici Gaming;7;6;2.84;4.08;5.23;10.77;145.08;6.23;370;402;3;2;CN;6;0
EHOME.Fenrir;Vici Gaming;7;6;2.81;2.31;4.08;9.15;40;2.38;242;253;4;2;CN;6;0
VG.??.Fy;Vici Gaming;7;6;2.41;2.31;5.23;10.31;68.92;3.15;272;296;5;2;CN;6;0
Polarity.9pasha;Vega Squadron;6;8;4.32;6.21;3.57;9.21;260.43;13.36;486;485;1;2;EU;12;0
Vega.No[o]ne-?;Vega Squadron;6;8;3.95;7.36;4.14;9;295.79;16.79;541;536;2;2;EU;12;0
Vega.Mag;Vega Squadron;6;8;3.68;4.07;3.79;9.86;178.43;3.57;375;409;3;2;EU;12;0
Vega.CeMaTheSlayeR;Vega Squadron;6;8;2.54;2.29;5;10.43;50.29;1.21;249;258;4;2;EU;12;0
Vega.Solo;Vega Squadron;6;8;2.38;3.5;6.14;11.14;68;3.07;284;324;5;2;EU;12;0
MVP.MP;MVP Phoenix;7;5;3.56;8.42;4.92;9.08;173.17;15.42;493;503;2;1;SEA;0;1
MVP.March;MVP Phoenix;7;5;3;4.58;6.17;13.92;132.58;2.33;425;431;3;1;SEA;0;0
MVP.QO;MVP Phoenix;7;5;2.8;9.08;6.92;10.25;265;7.67;665;607;1;1;SEA;0;0
MVP.Heen;MVP Phoenix;7;5;2.32;3.33;6.33;11.33;34.42;0.67;274;265;5;1;SEA;0;0
MVP.Febby;MVP Phoenix;7;5;2.22;3.5;7.42;13;38.25;0.42;314;322;4;1;SEA;0;0
Wings.shadow;the wings gaming;6;7;3.93;5.62;3.08;6.46;263.77;23.77;514;538;1;1;CN;0;1
Wings.????;the wings gaming;6;7;3.06;4.77;4.08;7.69;247.31;9.54;554;489;2;1;CN;0;1
Wings.y`;the wings gaming;6;7;2.28;1.85;4.15;7.62;43.08;1.38;239;232;5;1;CN;0;1
????;the wings gaming;6;7;1.95;3.08;6.23;9.08;90.54;5.54;312;312;3;1;CN;0;1
Wings.iceice;the wings gaming;6;7;1.57;3.15;7.15;8.08;66.85;3.46;277;293;4;1;CN;0;1
Mineski FAN GAY;Leviathan';5;4;4.29;8.56;3.78;7.67;328.56;15.22;530;465;1;1;AM;0;1
Shiibbyy;Leviathan';5;4;4.06;6.56;3.78;8.78;298.33;13.11;503;487;2;1;AM;0;1
Newsham;Leviathan';5;4;4;2.89;3.22;10;83.22;1.78;296;335;4;1;AM;0;1
FlyingZebra;Leviathan';5;4;2.39;1.78;4.56;9.11;59.67;1.22;252;268;5;1;AM;0;1
LvT.Jenkins;Leviathan';5;4;1.77;3.11;6.67;8.67;122.78;1.11;313;315;3;1;AM;0;1
iG.qd;DK.Scuderia;5;4;4.03;6.11;3.56;8.22;270.22;20.11;544;564;1;0;CN;0;1
Komuro Takashi-;DK.Scuderia;5;4;2.93;5.22;4.44;7.78;224.78;13.67;485;484;2;0;CN;0;1
iG.Xxs;DK.Scuderia;5;4;2.91;4.44;4.89;9.78;81.11;3.22;355;371;3;0;CN;0;1
iG.Boboka;DK.Scuderia;5;4;2.52;2.11;4.67;9.67;33.89;3;242;241;4;0;CN;0;1
iG.Rong;DK.Scuderia;5;4;2.18;2.33;5.56;9.78;35.89;2.56;247;254;5;0;CN;0;1
Luk;4Hate;4;4;4.74;6.88;3.38;9.13;296.38;9;585;576;1;0;SEA;0;1
FD.Freedom;4Hate;4;4;3.39;3.38;4.13;10.63;86.13;1.25;309;334;4;0;SEA;0;1
BB.NutZ;4Hate;4;4;2.62;3.13;4.63;9;38.75;2.25;247;244;5;0;SEA;0;1
SCYTHE.poloson;4Hate;4;4;2.25;4.75;6.63;10.13;149.13;5.25;383;356;3;0;SEA;0;1
huehue;4Hate;4;4;2.15;4.5;5.13;6.5;237;4.13;473;447;2;0;SEA;0;1
sss;FTD Club b;3;5;4.68;7.25;3.5;9.13;333.63;9.13;525;568;1;0;CN;0;1
qianqian;FTD Club b;3;5;3.95;9;4.88;10.25;279;11.13;508;564;2;0;CN;0;1
Xy;FTD Club b;3;5;2.58;2.88;5.63;11.63;64.75;1;285;335;3;0;CN;0;1
"""chishi";FTD Club b;3;5;2.53;4.38;6.38;11.75;80;3.88;292;310;4;0;CN;0;1
gege;FTD Club b;3;5;2.03;2;4.75;7.63;27.25;1.38;225;239;5;0;CN;0;1
VP.yoky;Team Empire;3;3;4.1;7.33;3.5;7;230.5;13.5;539;517;1;1;EU;0;0
DC.Resolut1on;Team Empire;3;3;3.83;4.5;3.83;10.17;105.83;7.33;358;398;2;1;EU;0;0
VP.Silent;Team Empire;3;3;3.04;5.83;4.33;7.33;183;11.83;470;491;3;1;EU;0;0
VP.ALOHADANCE;Team Empire;3;3;2.12;2.83;7.17;12.33;32.17;4.17;259;290;4;1;EU;0;0
VP.Nofear;Team Empire;3;3;2;3;5.17;7.33;36;1;248;235;5;1;EU;0;1
VB.OmegaPwner;Void Boys;3;5;3.87;5.63;3.75;8.88;208;7.63;420;450;1;1;AM;0;0
PoF.Sneyking;Void Boys;3;5;3.12;5.25;4.13;7.63;313.25;12.63;536;541;2;1;AM;0;1
VB.PatSoul;Void Boys;3;5;2.78;4.5;4.5;8;231.63;18.13;431;477;3;1;AM;0;1
VB.fly;Void Boys;3;5;2.24;3.13;5.63;9.5;62.5;1.5;283;311;4;1;AM;0;1
SHANKS-;Void Boys;3;5;1.63;2.25;5.38;6.5;42.75;2.13;227;242;5;1;AM;0;1
Ditya Ra;Noo Logic Gaming;3;5;3.71;5.63;3.88;8.75;179.75;8.88;457;491;1;0;EU;0;1
Niqua;Noo Logic Gaming;3;5;2.75;3.13;5;10.63;140.5;5.13;367;378;2;0;EU;0;1
Xcalibur;Noo Logic Gaming;3;5;2.4;6;5.88;8.13;198.38;3.63;452;504;3;0;EU;0;1
AF.SsaSpartan;Noo Logic Gaming;3;5;2.17;2.88;5.25;8.5;37.5;3.88;259;273;4;0;EU;0;1
MiLAN;Noo Logic Gaming;3;5;2.05;2.88;5.38;8.13;32.25;2.75;253;247;5;0;EU;0;1
ZSMJ;Team FanTuan;3;5;3.61;3.63;4.5;12.63;92.38;5.38;291;326;4;1;CN;0;1
Abrax-as;Team FanTuan;3;5;2.84;7.5;5.63;8.5;319.63;19.38;483;487;2;1;CN;0;1
Yuno;Team FanTuan;3;5;2.76;8.88;6.13;8;300.25;15.25;506;494;1;1;CN;0;1
iG.V.InJuly;Team FanTuan;3;5;2.24;2.88;6.13;10.88;122.75;2;315;343;3;1;CN;0;1
ddr;Team FanTuan;3;5;1.42;1.25;7.13;8.88;52.13;1.5;217;225;5;1;CN;0;1
CDEC.Y.Ame;CDEC.Youth;3;5;3.5;5.5;3.5;6.75;295.5;19.13;527;529;1;1;CN;0;1
CDEC.Y.Inflame;CDEC.Youth;3;5;2.63;5.5;5;7.63;253.75;21.75;473;492;2;1;CN;0;1
.....;CDEC.Youth;3;5;2.16;2.25;5.38;9.38;33.25;2.13;224;219;3;1;CN;0;1
CDEC.A.JUNE;CDEC.Youth;3;5;2.02;2.75;6.75;10.88;102;3.25;288;314;4;1;CN;0;1
CDEC.Y.Darkrai;CDEC.Youth;3;5;1.92;3.75;6;7.75;46.13;1.25;247;234;5;1;CN;0;1
PoF.wayto;compLexity Gaming;3;5;3.3;2;2.5;6.25;66.13;1.75;259;259;5;1;AM;0;1
Zyzzy;compLexity Gaming;3;5;2.38;5.63;4.88;6;290.63;13.25;521;521;1;1;AM;0;0
coL.swindlezz;compLexity Gaming;3;5;2.22;3.63;4.63;6.63;297.88;12.25;490;534;2;1;AM;0;0
poop;compLexity Gaming;3;5;1.86;2.25;5.38;7.75;134.5;2.63;346;344;3;1;AM;0;1
coL.Zfreek;compLexity Gaming;3;5;1.63;2;6.5;8.63;68.25;4.5;282;287;4;1;AM;0;0
Mason;High Council of Wizar...;3;5;3.29;5.13;3;4.75;286.5;12.38;498;502;1;0;AM;0;1
JK;High Council of Wizar...;3;5;2.54;5.63;4.63;6.13;320.5;7.5;582;499;2;0;AM;0;1
VEG.Fogged;High Council of Wizar...;3;5;2.2;1.38;3.75;6.88;39;2.75;210;208;3;0;AM;0;1
FDL.DeMoN;High Council of Wizar...;3;5;2;1.63;5.13;8.63;137.13;2;305;308;4;0;AM;0;1
bringo;High Council of Wizar...;3;5;1.95;2.38;4.75;6.88;65.25;1.88;264;280;5;0;AM;0;1
Raven;TNC Pro Team;3;5;3.17;6.25;4.5;8;294.5;13.25;504;491;1;1;SEA;0;1
Teehee;TNC Pro Team;3;5;2.69;11.13;6;5;281.38;18.38;556;551;2;1;SEA;0;1
Sam H;TNC Pro Team;3;5;2.66;3.13;5.5;11.5;190.75;3;373;428;3;1;SEA;0;0
Eyyou;TNC Pro Team;3;5;1.92;2.63;7.38;11.5;93.25;2.13;305;342;4;1;SEA;0;0
Tempest;TNC Pro Team;3;5;1.67;1.88;5.75;7.75;56.13;3.63;247;248;5;1;SEA;0;0
sick boy;Spac_ Creators;2;6;4.32;5.88;4.25;12.5;135.5;4.25;402;465;1;0;SEA;0;1
Godot;Spac_ Creators;2;6;2.98;4;5.13;11.25;107.63;2.63;323;366;2;0;SEA;0;1
xMusiCa;Spac_ Creators;2;6;2.96;7.38;5.88;10;249.63;13.25;495;521;3;0;SEA;0;1
Velo;Spac_ Creators;2;6;2.74;8.88;5.88;7.25;252.75;6.88;499;510;4;0;SEA;0;1
05;Spac_ Creators;2;6;2.42;2.38;5.38;10.63;37.38;2.63;232;250;5;0;SEA;0;1
FTD.A.Xtt;FTD club a;2;6;3.97;3.25;4;12.63;60.88;2;266;289;1;1;CN;0;1
????;FTD club a;2;6;3.53;5.88;3.75;7.38;305.25;15.38;479;509;2;1;CN;0;1
Yin;FTD club a;2;6;2.66;6.75;5.5;7.88;259.38;19.38;465;487;3;1;CN;0;1
Fusheng;FTD club a;2;6;2.47;4.75;5.88;9.75;100.13;2.25;305;342;4;1;CN;0;1
???;FTD club a;2;6;1.88;2.38;5.38;7.75;57.38;1.5;230;247;5;1;CN;0;1
uuu9;TongFu|;2;6;3.35;4.75;4.25;9.5;259.13;10.63;463;428;1;1;CN;0;0
xinq;TongFu|;2;6;3.05;7.88;4.88;7;273.5;17.13;484;494;2;1;CN;0;1
?????;TongFu|;2;6;2.67;2.88;4.88;10.13;116;3;316;322;3;1;CN;0;1
TongFu.Faith;TongFu|;2;6;2.12;1.25;5.13;9.63;48;1.38;206;216;4;1;CN;0;1
lpc;TongFu|;2;6;1.72;3.25;6.63;8.13;54.25;1;231;244;5;1;CN;0;0
Na`Vi.Dendi;Natus Vincere;2;6;2.79;6.13;4.88;7.5;180.38;14.63;442;474;1;1;EU;0;0
TSpirit.Funn1k;Natus Vincere;2;6;2.57;5.13;5.5;9;146.13;7.13;394;406;2;1;EU;0;0
XBOCT;Natus Vincere;2;6;2.33;5.38;5.75;8;238;9.38;491;514;3;1;EU;0;0
Na`Vi.!!! SoNNeikO !!!;Natus Vincere;2;6;1.87;2.63;5.88;8.38;58.25;4.88;270;283;4;1;EU;0;1
PSM;Natus Vincere;2;6;1.65;2.38;6.13;7.75;42.63;4.25;258;270;5;1;EU;0;1
TSpirit.Iceberg;CIS Rejects;2;6;2.02;5.88;7.13;8.5;166;21;433;462;1;1;EU;0;1
TSpirit.ALWAYSWANAMFLY;CIS Rejects;2;6;1.54;3;7.38;8.38;98.88;5.63;327;310;2;1;EU;0;1
TROGY;CIS Rejects;1;3;2.95;7.25;4.75;6.75;174.75;15.75;431;459;3;1;EU;0;1
VANSKOR;CIS Rejects;2;6;1.47;1.88;7.5;9.13;31.13;2.88;221;216;4;1;EU;0;1
bambuk;CIS Rejects;2;6;1.43;3;7.63;7.88;99.88;5.75;317;324;5;1;EU;0;1
ARTES;CIS Rejects;1;3;2.18;4;5.5;8;180.25;21;424;407;1;1;EU;0;1
xuan;ROOT-gaming.com;1;5;3.33;4;4;9.33;119.83;4.17;334;328;1;0;AM;0;1
KvH;ROOT-gaming.com;1;5;2.32;6.17;6.17;8.17;194.33;13.5;439;419;2;0;AM;0;1
Conor Mcgregor;ROOT-gaming.com;1;5;2.16;6.5;5.33;5;316.5;6.5;515;463;3;0;AM;0;1
Froogoss;ROOT-gaming.com;1;5;1.8;2.67;6.67;9.33;39.33;0.83;250;240;4;0;AM;0;1
Peanut Bruddah;ROOT-gaming.com;1;5;1.63;1.67;6.83;9.5;39.5;3.17;257;280;5;0;AM;0;1
124421124241124;Boreal eSports;1;3;3.09;8;5.75;9.75;347.75;4.5;509;498;1;0;AM;0;0
ainiasaad;Boreal eSports;1;3;2.48;8;6.75;8.75;338;10.5;555;543;2;0;AM;0;0
dad;Boreal eSports;1;3;1.93;2.25;7.5;12.25;67.75;0.25;270;278;3;0;AM;0;0
Jeppins;Boreal eSports;1;3;1.71;5.75;8.5;8.75;111.25;7.75;348;373;4;0;AM;0;0
nimble navigato;Boreal eSports;1;3;1.52;2.25;7.75;9.5;71.5;4.25;253;256;5;0;AM;0;0
Pajkatt;Mamas-Boys;1;5;2.45;7.33;6.67;9;198.33;6.67;445;452;1;0;EU;0;1
Swiftending;Mamas-Boys;1;5;1.9;4.17;6.83;8.83;163.67;11.33;377;413;2;0;EU;0;1
KP.@SexyBamboe;Mamas-Boys;1;5;1.85;5.5;8;9.33;152.33;4.17;378;391;3;0;EU;0;1
DC.Saksa;Mamas-Boys;1;5;1.67;3;7.17;9;74.33;1.5;277;272;4;0;EU;0;1
Alliance.EGM;Mamas-Boys;1;5;1.66;3.33;8.83;11.33;36.83;1.83;249;272;5;0;EU;0;1
Aomine-Daiki;Rex Regum QEON;0;8;1.07;1.38;5.63;4.63;46.13;1.88;230;230;1;1;CN;0;1
Panda;Rex Regum QEON;0;8;1.48;3;6;5.88;144.88;7.13;414;415;2;1;CN;0;1
Nafari;Rex Regum QEON;0;8;1.86;3.75;5.25;6;77.88;4.38;300;340;3;1;CN;0;1
KoaLa;Rex Regum QEON;0;8;1.9;4.13;5;5.38;170.25;3.25;447;462;4;1;CN;0;0
offlane or nc;Rex Regum QEON;0;8;1.22;3;7.5;6.13;63;1.75;274;279;5;1;CN;0;1
DuBu;MVP HOT6;0;8;1.19;1.38;6.5;6.38;43.13;3.13;220;216;1;1;SEA;0;1
..;MVP HOT6;0;8;1.4;2.38;6.88;7.25;107.25;4;301;294;2;1;SEA;0;1
Doctor;MVP HOT6;0;8;2.19;5.63;5.38;6.13;182.5;11.13;419;420;3;1;SEA;0;1
MVP.FoREv;MVP HOT6;0;8;2.16;3.25;4.63;6.75;180.13;10;403;410;4;1;SEA;0;0
ReiseN;MVP HOT6;0;8;1.31;2.88;6.5;5.63;20.13;2.63;218;216;5;1;SEA;0;1
Buugi;STARK.gg;0;6;2.09;5;5.5;6.5;262.17;9.33;471;460;1;0;SEA;0;1
okcya;STARK.gg;0;6;0.94;1.67;8.17;6;25.83;2.17;187;200;2;0;SEA;0;1
jumjam;STARK.gg;0;6;2.06;3.33;5.5;8;51;2.5;239;251;3;0;SEA;0;1
nempsy;STARK.gg;0;6;1.83;3.83;5.83;6.83;248.17;3.17;446;448;4;0;SEA;0;1
STARK.Trixi;STARK.gg;0;6;1.2;2.5;7.67;6.67;175.33;6.5;360;388;5;0;SEA;0;1
;;;;;;;;;;;;;;;;
